3,#aeabb1,#80773a,#941b57
2,#397447,#87cfcc,#c31ba9
2,#efc92e,#ef6a4c,#6e0f1b
1,#0fdae0,#f6c52c,#8281e7
3,#0fa0fc,#42a2bc,#c5218a
1,#4419f8,#6e0f2b,#c6cb0f
1,#6aa3ac,#80d8d0,#5465fa
1,#e95747,#f5265e,#386fb3
3,#e2b9e6,#b54dcd,#397d95
1,#c90f42,#459071,#874626
2,#15de6e,#b148aa,#3f0fbd
3,#2277a0,#0f2824,#4c0fe3
1,#a3e40f,#0f2570,#fafe88
1,#e47d94,#0ff57d,#2d0fa7
1,#118d9e,#f2ff31,#357f98
1,#c97c87,#de7fd0,#6e4d19
1,#e45164,#1a8351,#2461b0
3,#64ee46,#5e736c,#91b070
1,#9f4ffb,#1fc044,#8b256c
3,#42fa68,#18e09e,#46abb7
2,#7f4e9f,#cf0f16,#23da22
1,#d0f70f,#af5c54,#9b75ca
2,#0f544e,#d038fc,#1cf2e0
1,#b8ed1a,#c48878,#649c87
1,#155f55,#bf8e7e,#6e91b7
1,#55b08a,#83280f,#b40fb8
3,#5e7f51,#3435a7,#7b1af4
3,#6db2db,#c33155,#3a29f3
2,#0fe331,#6e2417,#74f84c
3,#23bc57,#4699ca,#186f0f
3,#3de128,#699911,#c4f8fd
2,#1ea2b3,#1d6fe8,#0fb61e
1,#27ccc0,#e053be,#f0e3b0
2,#494496,#1f3d0f,#33fd0f
2,#19895c,#300f9b,#b9cb42
3,#0fabef,#b1cc22,#408449
3,#13a97a,#386a3e,#311e75
1,#73f2ee,#bc22b6,#ace3ce
1,#64ddb8,#c61971,#9d86b3
3,#0f81a7,#99b9e2,#4885c7
1,#0f0fb4,#c685b4,#7ecc44
2,#54884d,#6da0ae,#1bec3e
2,#162ac4,#7d5939,#81fe81
3,#60dd7f,#102267,#19656e
3,#0fb817,#d9f35f,#2e886b
1,#13c86d,#ad95e6,#6a490f
3,#0fd289,#0f5aa2,#489797
2,#0f29c0,#b67dee,#b3e20f
2,#4ca25d,#904521,#0f79ba
3,#20823e,#4fe4d4,#65990f
3,#579bb3,#581cca,#1456c5
2,#0f9d8a,#bc507f,#6587aa
3,#8ca37d,#79d90f,#72d6ed
3,#2feacb,#41f688,#0fd62d
1,#0fc83a,#58599c,#695137
2,#8042c2,#54a484,#236d0f
3,#52b4c5,#36ad86,#5da742
1,#dfb0b3,#87358a,#27c890
1,#32c297,#372e30,#3d2553
2,#36b171,#65b2e7,#273520
2,#558d45,#3cb760,#1e1356
3,#70efcf,#adf567,#93d5c1
2,#734beb,#2c712a,#a5db83
1,#bf775b,#c7e09b,#0f7975
2,#8cfe0f,#887e51,#0fc8f3
1,#31ecb7,#0f0f11,#54657a
3,#3220ec,#2ec697,#4591fa
2,#f741c5,#93e752,#307fed
1,#bc7454,#3cf00f,#2eb697
3,#5fe614,#c5eba5,#7eb0ee
1,#ebbe53,#4b58d3,#0fd3bb
2,#386435,#456271,#4cf10f
1,#947d9e,#67d649,#6af04a
2,#481dda,#186e25,#3dc68d
1,#6868df,#e7f2fc,#3f3f5b
1,#f384b8,#792cfc,#24c30f
1,#0fede0,#10e1f4,#bd13e0
1,#53c3a9,#a96922,#57a365
1,#3b5019,#c57785,#2bce1e
2,#408fe3,#a9d890,#809d51
2,#8e2ba2,#0fa48c,#0fef66
1,#0f2ffd,#853c5c,#5fb43d
1,#3ada94,#4b0f97,#36b30f
1,#119b43,#d08237,#583e7d
2,#135eef,#9fdd4f,#bcf57a
1,#5ca077,#ef8f41,#5dfb3c
2,#0f4785,#4715b4,#104d1e
3,#0f441f,#23f2b7,#3c923a
2,#0fcf6e,#ac31ac,#97ea0f
3,#0fb010,#f0f2de,#85f64e
2,#40b2a4,#fcde86,#2cc93b
2,#1c98ea,#1542a5,#673a67
3,#0f781e,#71a53f,#2fd00f
3,#1bb17b,#53fb97,#0f6496
2,#9887fd,#68a5c8,#4c2599
1,#2c7c69,#f79911,#af6c1c
2,#168627,#9aa0ef,#a6dfed
2,#0f8c65,#8491c0,#4ab0db
3,#0fd242,#20750f,#1de4fa
1,#4f3778,#67700f,#dc99d8
2,#17ae0f,#8e34af,#17d4e0
2,#4e8c0f,#1278d9,#8726cf
1,#c9c71a,#dada68,#0ffcc7
3,#3ff55f,#37c116,#538733
1,#27cc13,#fae152,#a79171
1,#49fe57,#fadfea,#381e4c
2,#56df8a,#0ff83d,#27140f
3,#9ae016,#13d710,#0f9566
2,#20f395,#2ea73f,#1973f8
2,#0f5619,#29dc56,#6575f1
1,#0fd659,#f37315,#0f9fa6
1,#688cb3,#644170,#e7e98e
3,#2f3191,#9b8cde,#581bf8
3,#7ef351,#77dc77,#29b20f
2,#9d0f95,#35ced4,#82ecee
3,#5fecaf,#14f836,#156616
2,#605158,#465688,#200f4d
2,#24acd1,#772443,#5ba00f
3,#18d90f,#6ed554,#6f6410
2,#c16bd5,#92a3e6,#4dacec
1,#0f4d0f,#8a785e,#3bffa2
2,#7c8b40,#2bb228,#e5903c
2,#6de595,#5b0f75,#3c1bdd
1,#27832d,#a88353,#4ab131
3,#30bc9f,#a2da51,#60d61b
3,#ceeefc,#a0b8d0,#4e9eb7
1,#0fb5ca,#ebd39c,#6216ef
3,#1b4e0f,#8da770,#55bf12
3,#69df30,#70f39d,#0fc210
2,#3dbc29,#36246e,#c954f9
2,#d9a894,#16458b,#0f64ff
2,#790fe5,#0fcf68,#0f0f43
3,#20187f,#3adfdd,#757938
1,#e6a18c,#cba2b4,#69f621
3,#36b2b0,#7ff3ca,#0fa3d9
3,#438ee0,#11fdc6,#546f58
2,#b0c1f1,#459137,#225a2c
2,#f8a454,#a2f68c,#0f65bf
2,#0ffd5a,#4ec654,#0f41a4
3,#83f551,#28d095,#3e600f
3,#0fa5d2,#1e715c,#84fc62
3,#105ef7,#40ae5c,#2db948
2,#a40f65,#56fdda,#12913f
1,#3b36f4,#17e88a,#5c0f0f
1,#1254d3,#adbafe,#6da613
1,#1a16fe,#9dcac5,#8e0f1c
3,#14e7e5,#356ee6,#203792
3,#4f9e43,#a6ffc2,#95eb8e
3,#cdfa1f,#0fe184,#0f504c
2,#1c30d0,#2fa967,#0f6abb
3,#747ca2,#c7fced,#374684
3,#2e958f,#6e63f7,#263cc1
3,#245e53,#3371ac,#53ad8c
1,#1c9b32,#560fe3,#31a218
3,#197a53,#36c6db,#3fb13a
1,#0f1615,#0fa7ba,#bb4428
3,#827630,#3b5b2d,#32df8a
1,#926839,#0f30f0,#23a38e
3,#41c411,#4c7c37,#b0e0c5
2,#28dd1e,#bd80e6,#f8f9aa
1,#fcb51d,#1df2a2,#d7a0b7
1,#0fcbe0,#c2a2b1,#36a3d7
1,#fada9e,#444e5c,#6c3bc7
2,#1a2910,#194862,#302b87
2,#12c44b,#7b2e92,#19957f
1,#ff1734,#7a9eb7,#47deea
1,#0f0fc9,#258dda,#d7cd0f
2,#4461cc,#6aeec4,#41a7dc
2,#b7a9dd,#27edc7,#43a49a
2,#c0cf36,#613e94,#3798c9
2,#d50f95,#39cf7f,#129556
3,#0f9dfc,#1dc283,#6ba958
3,#5ce923,#1ee26a,#28d6ec
3,#5f6e0f,#2ce90f,#0f9ea1
1,#3715f3,#567ce0,#68813c
2,#0fef37,#330fdb,#330ff5
1,#26700f,#cf72aa,#1d47b7
3,#6674ca,#a7c79d,#164390
3,#44e2a5,#3fb2e0,#2b8bf6
3,#2de833,#3bcd17,#49d5d7
3,#9d4dff,#1465f3,#982483
2,#33856e,#97aab2,#19841a
1,#9092ba,#2efce2,#9da447
1,#52a4c0,#613d4f,#8e4dc4
1,#dccf14,#5cd2eb,#90d342
2,#b4bf5c,#1edab8,#a3bb74
1,#fbdcb1,#81a6a4,#44b90f
2,#23684d,#41aa66,#7c15ee
3,#4c9d5f,#3da956,#198a41
2,#30f373,#9396e9,#3ad47d
1,#716e75,#1e4e29,#b959bc
3,#0fa339,#56b170,#0f9858
3,#8745d8,#3b81ea,#3cf4d5
3,#24780f,#36dd5e,#b0ff0f
3,#45bf88,#4d8962,#29c685
2,#0fb4de,#60f3f5,#a9e612
3,#0f0fd5,#2c891e,#1c739c
3,#76aba1,#43e8c1,#54f31f
1,#f2c378,#0f98f6,#3ed7fe
1,#b36d5d,#3cf03a,#0f3835
3,#0f1ab9,#0fb530,#5fcd8e
3,#76ca71,#60dd3e,#60ade3
2,#a142d0,#2a7dcf,#6bc77d
2,#0f10ce,#4de9b9,#0f6432
2,#32ff99,#812eee,#0f811c
3,#1ef079,#3a580f,#0fc484
2,#1fb64d,#8b6822,#0fd82f
1,#917974,#25663c,#1f65ad
1,#6dd4aa,#34a0b9,#83868b
2,#0fdcff,#5a0fbc,#41855e
2,#53174a,#0ff063,#624fc8
3,#2946e0,#27f476,#38a0fe
3,#3486f9,#2b76b2,#1be97f
2,#25f47d,#e65bc1,#126af3
3,#28a634,#0fcf59,#6cf90f
2,#4b962d,#6510c0,#a0eb92
2,#3e0f40,#0ff675,#509647
3,#14c4fe,#58c90f,#0fb9aa
2,#5c529c,#0fc2ee,#559f9e
3,#89e81a,#0fe0df,#35fd0f
3,#456cbf,#4de882,#24d595
3,#832dfa,#10e831,#679c61
3,#30d54e,#34ce2f,#7eaa0f
3,#82c14b,#39c810,#43c7e3
3,#3fe227,#5f8c33,#13b51b
3,#34ef9e,#0f6a70,#c2f7a5
3,#10d1a9,#88c84c,#30d70f
1,#21f279,#404847,#0f8838
2,#4037df,#788146,#1deacc
2,#3f5c68,#24e3c7,#0fcb83
3,#22f8ce,#38e80f,#459d2f
2,#22f6e6,#513b83,#c06fbf
2,#d753b2,#82f4da,#7a4887
3,#7ac364,#1634d2,#57ea0f
3,#e7bfbc,#bcdeb5,#8cc587
2,#b8a8b6,#0ff78d,#0f916d
2,#c13ca5,#d69d0f,#1ce9c5
3,#7ed08c,#594c7b,#5a4fb1
2,#cdacb4,#1f389b,#15768b
2,#db7bfd,#c7aeaa,#72dab4
3,#ace739,#5df5f9,#b5f3c2
3,#27f99a,#99c126,#2fd0a2
3,#48d89c,#4afe67,#6d8f51
3,#b6d618,#19d03a,#44c40f
3,#acd755,#76d460,#b7f33f
3,#73bb60,#217c69,#5f9af5
3,#63d7bf,#56e35b,#37f7c7
2,#4ead54,#526d7b,#8bf8a8
2,#3ad53b,#0f835a,#de285f
1,#198af5,#434114,#0fe73c
2,#44f2b5,#1a9a99,#643c4b
1,#da742b,#295746,#5a83e0
2,#3527d2,#3ab3ea,#96b00f
2,#e3506a,#634077,#2129c4
3,#4cc11f,#30c397,#eafb8c
3,#f6238f,#6992db,#533698
2,#7e6487,#45cb2d,#f8269e
2,#563c50,#3ac111,#5e8823
1,#d3a185,#d5f6aa,#0f1783
1,#ddc7b0,#0f8286,#447d0f
3,#68d647,#78ece7,#bdc58b
3,#b8bd79,#65ba6c,#8ae2c6
2,#470fba,#0fc42b,#5cb4ec
3,#0ff746,#366717,#9aea41
3,#72b7da,#1bd15e,#0f9ffa
3,#6bec0f,#229263,#72c824
2,#3e47a9,#42a50f,#88b1ff
3,#637320,#22606c,#9ed09c
2,#41bc80,#0fbadd,#a9fc72
2,#23d437,#1b9b0f,#713394
3,#3fd851,#42900f,#10cea6
1,#d9ac4d,#96b3fb,#42596d
3,#84b364,#2da531,#49b4f9
2,#a5b2ce,#a5c60f,#0f59f5
1,#96553c,#d393af,#6db64c
2,#fc34d0,#65cba3,#60fe96
3,#a2c0ac,#2a8d47,#1f794b
3,#4bd879,#6bb43c,#84f8b0
1,#b380b1,#bd914b,#4fc9ae
3,#7eff8f,#c4ba0f,#2e9a5b
1,#74f70f,#c82132,#15c937
3,#4ec2d9,#45ee7d,#25d023
1,#e5e734,#4099bd,#0f6156
1,#896d42,#75c90f,#2fb6b9
1,#7fd763,#87e1b5,#7a6f0f
1,#d3ed79,#46a9c6,#c6bf81
1,#dbe297,#78dfd8,#6c855d
2,#867827,#2ea371,#74dc25
2,#b6d55e,#493ba1,#e1e363
1,#8e6653,#63e257,#fed4a8
2,#1dc415,#39f8a6,#9ec9d2
3,#25a1ed,#0fc32e,#0f9c86
2,#22ecfb,#0f7ede,#17d841
2,#0f5793,#21ad15,#23ce79
1,#ddb8fd,#e7ed0f,#8f846a
1,#0fae81,#a280e0,#546366
3,#77e70f,#0ff319,#31ce53
3,#1daf2f,#28f949,#b3f5df
3,#45fe59,#4acf1e,#41b584
3,#82b84c,#6ecc68,#639b7f
3,#3bef0f,#10a80f,#35794f
3,#84cdcd,#1bcf24,#0facb0
3,#53d163,#257a7f,#469ddd
3,#1198c6,#67a44f,#3cec95
2,#b5c072,#8cf6eb,#6bc279
3,#45c920,#6fcfc9,#43b885
2,#b5ff50,#39707e,#6496c9
2,#53fff7,#0fee36,#0f84d8
2,#0feb48,#96bb66,#36bff6
1,#93e4cb,#5ecf78,#5a0f2d
