2,#a29582,#7e91b3,#f63286
1,#ab300f,#0ff944,#95c2b0
2,#588ffe,#c14b2e,#e03f69
2,#667d1b,#0fcf2f,#e27ca1
1,#6418ed,#711612,#773115
3,#da3a79,#84d86d,#f98b41
2,#e77299,#3afeb8,#870ff5
1,#b77a30,#c386e4,#54f259
2,#490f24,#7bb669,#f3617a
3,#63bad4,#c2a9ab,#323f4f
3,#63db3e,#9b0ffa,#d7ef14
1,#834657,#bd895c,#38b3e5
2,#225fc9,#0f663a,#35fe49
3,#48639f,#e80f85,#209755
2,#2f9b35,#70c667,#19d08e
2,#4111bc,#c09fd7,#22bc56
3,#32680f,#a40f38,#78f54c
1,#806e70,#2b8331,#b95b9b
2,#dd430f,#1af90f,#330fd3
1,#4fc90f,#edac6f,#6930e5
2,#25da4b,#520f7a,#117718
2,#cef713,#de1c24,#3ae19b
2,#234972,#df4fab,#409d47
3,#f84da3,#2c61cf,#ab5d8f
1,#c3790f,#a9be94,#0fca99
1,#83e9ab,#9d8b2f,#5a25ec
1,#4e1e0f,#e216f1,#d939ea
1,#42240f,#2a452c,#6d60b6
1,#0f9710,#a74f14,#0fa6b4
2,#1ba9ad,#4a4e6a,#5c429b
2,#426db6,#a61ae7,#b84dfe
2,#de6b9b,#8fd2b2,#0ffe68
1,#7cf8fd,#54caa1,#8c218e
1,#d5ef0f,#2c0f32,#1b97b1
1,#174438,#fa0fd5,#2d1749
1,#5e96cf,#896192,#58ceda
2,#0f1ac1,#3cdb60,#b3ebba
2,#ca1f97,#98e0fd,#4d4bdd
2,#43bbae,#68e720,#5ca65e
1,#542026,#0fa7fc,#bd41f5
2,#8fd051,#367017,#64dd3f
1,#f766e9,#78c1c7,#6bd7c2
1,#db83e9,#bdc468,#621413
2,#3e8f23,#d70f43,#9f5135
2,#13584f,#0f0fbf,#ab4a4f
1,#521285,#0f5d64,#f16d80
3,#f5f00f,#4ab915,#224fe5
1,#b44d0f,#f7b558,#8c4cf7
2,#13d12e,#3dbbfa,#be2317
1,#3fa783,#a58540,#2ff277
1,#79857a,#23c1a6,#290f3b
1,#0f1821,#86fcd7,#155c13
1,#cb18c8,#416b3d,#b45e45
1,#87511b,#2aa86f,#b4a751
1,#b80fc3,#4ae7fe,#359749
1,#348b31,#72f784,#9c6c51
2,#3465e3,#43d930,#b00f91
2,#bcde41,#66ea44,#1b7443
1,#657bb0,#bd18a4,#17e7c2
2,#0f708f,#8d21bb,#fbf212
2,#840f8b,#397be1,#4c2e77
1,#77374c,#cbd495,#678b77
2,#b6ee0f,#0f7b2c,#bd0fa1
1,#751210,#f50fb0,#e7b40f
2,#5dbb26,#38e959,#f58763
1,#28c87b,#0f97d3,#41412c
1,#0fe883,#654d63,#ac88e6
1,#468b78,#698c42,#a80f68
2,#d44683,#0f5bf5,#4abcb4
1,#8ae0f8,#bad5c7,#7db8ea
2,#c358f2,#6011aa,#db2b56
1,#b597ab,#66500f,#58eeb9
2,#996f8b,#5d87a8,#c233bc
1,#a1263a,#174a74,#48f9a2
2,#10c992,#11bbe5,#6bd0bf
1,#34e08c,#4131e5,#a5cfd5
1,#8e9676,#19aa2e,#a193e5
1,#c3dcc3,#7e22e9,#2d17bf
1,#c0f6d9,#d930da,#a96aa2
1,#288f65,#6b91d8,#df5717
1,#0f0f9d,#62c0a0,#f2eba9
1,#d0c0c1,#50eeab,#7bf81e
2,#9b1ad1,#10ce76,#0fa1f8
1,#16cf8d,#53b2ab,#be1fc6
1,#91f0c3,#5d2eb6,#b5e9c7
1,#a92e8a,#c56d7b,#23174c
1,#6d670f,#990f0f,#eeb771
1,#edd747,#1dfeb7,#196674
1,#a77fd3,#b6741a,#6cad0f
1,#2bee0f,#fe709c,#8e4a57
1,#8da4a1,#e1c5c6,#f16e0f
2,#1bee96,#0ff20f,#566b0f
1,#9ebb34,#a78a33,#b07c7b
1,#24f22d,#d09764,#0f7e49
2,#120ff6,#32df50,#5df8bf
1,#0ffbed,#f7e033,#12273a
1,#8e5a3b,#4cc7dc,#f75447
1,#0fb2dd,#482824,#faf46c
1,#0f2a23,#d62b74,#325a68
1,#818597,#8c5de8,#aff52c
1,#429f13,#fb87fb,#c0591f
1,#f1ffc8,#91573f,#1aba67
2,#418b0f,#de0f3b,#a21920
1,#c9e81b,#bb48a6,#c6a017
1,#bba44c,#f25f3c,#72e15e
1,#b81df1,#121737,#6147b4
1,#f751bc,#9b57df,#6c4115
1,#711521,#4d0fdb,#9999ca
1,#9fffd6,#407fc6,#90e73c
1,#e46e39,#3bb899,#6f9812
1,#30b79e,#5adaf1,#a75a23
2,#6e7aad,#88f6a4,#3c16eb
1,#f4ed93,#30799d,#1d5821
1,#b9c578,#b216d6,#8913f7
1,#b7260f,#5fb242,#e4ba60
2,#2de580,#196ff4,#849fbe
1,#0f3c2b,#5665e7,#7fd53d
1,#3795fb,#416c3f,#4315e0
1,#15d95c,#3feaf6,#b99b8d
2,#d80f9c,#a737b8,#a93f4d
1,#1c2032,#8b4866,#c3fcf7
2,#fd29c0,#246414,#6fe1f4
1,#32159b,#8af9f2,#b69948
1,#bd3012,#21f4d0,#137dd2
2,#72246a,#5fae17,#8042b2
1,#9b9274,#ab3bf9,#49d65e
1,#818830,#d9eb90,#af0fe0
2,#1ae277,#b5f1f2,#b46f9a
2,#d56274,#dd2a70,#19fc90
2,#6227cd,#74eede,#f736a1
1,#35837c,#72aa48,#81b0e9
1,#c762f5,#55167e,#e6bda6
1,#4d94e7,#afbbc8,#574a0f
1,#adee1c,#b7ae8b,#57633b
1,#6a5142,#3d5b55,#7cce4a
1,#b577dc,#60f8fc,#284030
1,#f5769e,#a13359,#207057
2,#2ade33,#e00ff1,#dddecb
1,#79934f,#901b75,#773a95
2,#8c53dc,#31fed6,#be92f1
2,#234d98,#58f031,#9354b0
1,#5a8453,#0f635a,#d71530
2,#7c88f1,#7646f6,#eb0f51
2,#fb2cbb,#0feca2,#dee0e1
1,#a3d71c,#ddceda,#0f0f20
1,#ca2320,#3170cd,#da93c4
1,#0f7bb1,#444953,#8b94b1
2,#dfff71,#58940f,#457295
2,#8bc23f,#af0f50,#7cae5e
1,#2c9238,#676266,#6dd8e4
1,#7f1c11,#2c5ae0,#86c736
2,#f1267f,#90f320,#f86fca
1,#1a1b49,#35e147,#9b4094
1,#516e43,#d879b1,#51dd92
1,#13c4d8,#a52937,#850fef
2,#555cf4,#836bc9,#c15573
1,#e29130,#a85a8a,#db7ec6
2,#e2ed77,#bb0f84,#d34b3d
2,#33980f,#df5f42,#0fc135
1,#2375ab,#8ef3ca,#6b8e97
1,#cfa644,#5ba87c,#2e0f92
2,#4f3eab,#3274bb,#46dab5
1,#2e4a80,#0f6e87,#1a18a8
2,#ab0f80,#4fd2c9,#812874
1,#ee0fbd,#94e19c,#16e655
1,#5c0ff1,#be5516,#16cdbc
1,#0fe210,#ddc328,#c9f2d5
2,#37fb1b,#be6fa9,#86ab26
1,#a8391f,#dcf35e,#5a4c39
2,#ad0f5b,#a8f17b,#8cbb86
1,#6f713d,#f06418,#b9cc2c
2,#77e236,#ebcd1c,#a29ffd
1,#d0d2e9,#3782ca,#1571ce
1,#27959f,#9588fc,#b13fe4
1,#3c733b,#2d1f4b,#60f7ca
1,#a85644,#102ccb,#de7320
2,#7bbe0f,#56e60f,#7c78af
1,#7aaf9f,#202767,#ff6643
1,#2e3519,#8f7c63,#ff6deb
1,#db3b3a,#ff754d,#a1634a
1,#f22922,#94afdf,#0fbeda
2,#7a2c8a,#a0e50f,#0f732e
2,#fdd9ea,#da1470,#fd5ccd
2,#8e3f88,#c00f9e,#e460da
2,#5444ac,#74d133,#bab811
1,#fc4c2d,#db58ad,#8e6efb
1,#787420,#919aeb,#34c2b7
1,#0fb440,#1aa02d,#4c570f
2,#0fc3c6,#d96b88,#38fa98
1,#a6c1e8,#687a6e,#877b62
1,#a2c4d3,#ba57cc,#4cae35
1,#f04f77,#fa0f38,#d62ec3
1,#6562c2,#252ab7,#df5874
1,#7b9796,#85cdc9,#365c59
2,#2ee7b1,#92ec0f,#6b1bad
1,#2ec817,#af90f8,#b0a83b
1,#0f45d8,#648ba1,#53d80f
1,#0f975d,#138734,#48f811
1,#d7eee4,#bd9084,#a5d92a
2,#64b87c,#66e07c,#3dda13
1,#d29c1d,#26537f,#0fb3c8
2,#9b7396,#6dae0f,#f56213
2,#d32399,#0fbc0f,#de48ba
1,#885345,#c6c635,#895282
2,#750fcc,#15d732,#864d8d
1,#804ee9,#ca8a35,#e96ce0
1,#0f540f,#c04a87,#766eac
2,#b4158f,#0f911f,#5419ec
1,#d6b44d,#0fcacd,#8c6155
1,#9ce785,#ce9ae0,#99dfb9
1,#0f8a0f,#205d65,#1dbf93
2,#22bbdb,#594c72,#871f8a
1,#3e5d43,#c50f6d,#84374e
1,#f3e58e,#8541d0,#9aa3cd
2,#7040b4,#19b63f,#e72266
2,#db1374,#42d9b9,#ff4496
1,#43fd62,#f717dc,#0f330f
1,#5ba477,#3eb4df,#43580f
2,#562ae3,#f71b34,#190fcc
2,#df3962,#29ce13,#988313
1,#0f7b94,#78a9ef,#c6eb0f
1,#8f0fee,#456f7e,#dfcab9
1,#9f8c8b,#532eb2,#fd52e2
1,#5e24e9,#5c2c11,#0f5151
1,#5f3b79,#0f190f,#c7dbab
2,#a335e1,#c21a5b,#d4c35a
1,#e515d6,#94c7c9,#17480f
1,#b359b5,#9d11b2,#b5780f
1,#cd8e3e,#d45948,#782817
1,#5615db,#8b4053,#8c994a
1,#c7200f,#9fc4ce,#53f8f9
1,#104efc,#df7cc4,#884336
2,#0fc35f,#ec8fe9,#70c2ba
1,#2a1768,#0f1d6e,#5f4e2f
1,#ae4e2e,#c3be88,#52b254
2,#c80fc6,#13ef0f,#d5f3e5
2,#e34ad1,#588a32,#40abc2
2,#d667f0,#2319f0,#9891dd
2,#de35b0,#b01ef8,#35d917
1,#221d6f,#59dd50,#94be7e
2,#0fa092,#e728ee,#8c209a
1,#3f8c19,#16740f,#4c1ea9
1,#0f60be,#12780f,#9068c7
1,#407180,#408b15,#8a8370
2,#e125b4,#92377a,#0fbb0f
1,#a0decf,#cf1538,#d653eb
1,#239232,#69190f,#dbec5f
1,#2a5968,#fcabc8,#82e989
2,#318dba,#84e3bb,#7fe17f
2,#54fe2a,#c90f6c,#9d6513
1,#1ff8b3,#408e0f,#a21bc5
1,#1e8c6d,#0f6338,#cb216d
1,#0f8eb5,#81830f,#9c4556
3,#0fd2c1,#0f8fb0,#e4ee11
1,#0f12af,#0f50a9,#482b45
1,#97a9de,#ab34bf,#b16830
2,#b0f1c8,#dee6fb,#72f32f
1,#1432ed,#a11e41,#da2a1c
1,#fd6543,#664081,#ac0fa2
1,#cb5b5b,#7b0f38,#215215
1,#8be58d,#82146c,#b3213c
2,#10d2fd,#5f0f7d,#28e033
1,#15f617,#c0ab0f,#483779
1,#55394e,#0fbf97,#e9169f
1,#7f6f14,#6e13e4,#727164
1,#934f94,#2418b3,#9ac14f
2,#3ddc22,#7c47ee,#d3aa36
1,#6cf94b,#a658e7,#dd5d4b
1,#2d479b,#4ead0f,#700f14
1,#213b52,#badad6,#27dddd
2,#8e78b5,#6f88b1,#d84a9e
1,#59b9cf,#c73aee,#d21c24
1,#54b6b7,#5b6948,#abb073
1,#118b87,#8345bb,#0f3538
2,#400fd9,#b73fff,#1f52f1
1,#a1d5e5,#59c2a8,#e6194d
2,#8160c2,#3ad070,#a90ff7
1,#b0878a,#776515,#30231e
2,#6828f6,#a3c427,#3d1ab9
2,#e6fce5,#bdee41,#40e184
1,#271cf5,#870f1b,#e9dfa7
2,#a6f020,#3b1b9a,#4caa0f
1,#20f9d2,#96dd58,#551173
3,#b24695,#f916b2,#1965ab
1,#7dbaa2,#ea301c,#a41462
1,#dad01d,#352087,#490fdb
1,#2672e0,#940f83,#a04754
1,#3f7635,#1cfbfe,#bee69a
1,#256f25,#0f101f,#c28671
1,#1d4560,#3f612a,#ecccb7
1,#6c7157,#23c1ab,#b41c53
1,#d5a90f,#8e6d7a,#356c9a
1,#c8920f,#6749d5,#629b2d
2,#d047cf,#3387dd,#595d8c
1,#8b7489,#c5f79f,#248161
1,#f45553,#b3440f,#522f8b
2,#e7c8f4,#32dce0,#5e9dcb
1,#d36a10,#80d80f,#46f847
1,#1d10c5,#d0dff2,#180f0f
2,#e5b725,#537618,#b9208a
1,#2f606a,#944670,#fd0f1d
1,#b6e4a4,#0f550f,#9e78b5
1,#623b3a,#a96213,#43564d
2,#f40fe0,#728832,#8184bd
1,#eb9071,#e8bea8,#7c83b9
1,#b0b4ea,#0f6b1b,#906565
1,#5d5f22,#a621c4,#4e0fdc
1,#873132,#2c0f1a,#40173c
2,#10a0ee,#5cf0e0,#68c47b
1,#21b60f,#70eee2,#6b4f35
2,#fa3878,#a20f6a,#45898b
1,#8a3953,#5fefa1,#99cd2a
1,#ebdca9,#0ff193,#0f0f0f
2,#7b62b5,#910f70,#3e33df
1,#dabaef,#fce1e9,#a67a17
2,#3ffdbe,#fa0f1b,#f7b493
1,#e0c89c,#8745a5,#5d3486
2,#21a9ad,#69bed1,#0f8523
3,#61f6d0,#ff3df7,#0f69e8
2,#f5fb57,#6fb245,#75f452
1,#4db0e6,#0f520f,#bc82b3
2,#264da6,#0f3288,#0ff39b
1,#85400f,#85470f,#e0c1e1
2,#ad0f70,#ffabe0,#d87930
1,#1b140f,#8a0f1a,#16635f
3,#14c351,#fee20f,#de53d5
1,#fe0f14,#154338,#3d52c0
1,#c72913,#49cb45,#0f9ab3
1,#289f0f,#a7aac9,#b0644b
1,#54a0fd,#7e1a32,#bae60f
2,#180f80,#c3ff49,#3c5ff0
1,#f7eece,#bf67f4,#f18d68
1,#a56356,#50a47b,#d78bb1
2,#740f61,#92e543,#4fc395
1,#e9dfbc,#4072f9,#776f71
1,#71c493,#3e70ef,#c9bc7f
2,#7964c4,#f1328f,#1e9cb4
1,#0fe973,#4ab9ac,#2c2a48
1,#fef325,#6b0f11,#127b62
2,#c0e287,#66e932,#c3bd3f
1,#af7de4,#a86ca9,#8bae13
2,#f6b021,#caea31,#95ce92
2,#52b0a1,#282770,#cd66ae
2,#a7328a,#3969ae,#c35585
1,#8ad2f0,#b5888b,#dbabec
1,#f36a68,#a0b8a5,#91406a
1,#440ff3,#3583bb,#4022a1
1,#23295f,#3e49b3,#ad730f
1,#64673c,#b5bf10,#f64dd7
1,#696d4c,#a02487,#40704d
2,#cb5bcc,#fcd121,#6dd326
1,#9bdb39,#7b6688,#5dcc0f
2,#1c5bc6,#0fd20f,#a5f4d7
1,#24ae0f,#a7556c,#5fad77
3,#fbdf11,#69c668,#d0abee
1,#41b01d,#97e5ce,#782732
1,#c59430,#347b58,#4a7e39
1,#b6ccbc,#c75ea7,#d5eb8a
1,#b5b78b,#77e4a3,#0f4b2d
1,#5f110f,#64258c,#41e50f
2,#a983e5,#548ce6,#9d7356
1,#718960,#1e944e,#5a5a88
2,#c60fc6,#daeebe,#1168b9
1,#e7a235,#1af9ea,#a96936
2,#98cba9,#c168a8,#7080fd
2,#e3636a,#6fe251,#7a6066
2,#117a87,#ea0fa6,#35ba69
1,#f3616f,#22eafd,#d9196d
1,#9bf8a6,#160fd0,#4facb8
1,#bbd984,#0f0f6e,#e78785
1,#f3d4c6,#beb5c8,#bdd6ba
1,#9b3764,#d0331b,#61c983
2,#ac0fb6,#f9e2cc,#38a0bb
1,#62c5d1,#6d35e5,#839510
1,#6886e1,#5d4856,#e958d8
2,#b033b0,#e70f0f,#a4f020
1,#5f8f4e,#6d2236,#0f2c6d
1,#f1a71c,#6fbe91,#4a188d
1,#78480f,#2e81c7,#6b3fd9
2,#3d8e0f,#d9137a,#720f37
1,#f39752,#df9d9e,#a719eb
1,#c02444,#570fb8,#ae67fe
1,#98832a,#0fec69,#78dd69
1,#9f3994,#540f5f,#b2b663
1,#9a32dd,#c80f27,#b05ede
2,#c814f0,#cddf8c,#8a8f52
2,#776ce4,#d15eda,#4c3a61
2,#c72a97,#afd27c,#d6b7fb
1,#ddd3f9,#456982,#a4e8e3
1,#1930d3,#19a0f1,#96350f
1,#a44a3b,#6c3f7f,#56cec4
1,#d8b2f0,#dd8087,#808129
1,#1fe0e0,#0f1268,#210f22
1,#567015,#337c2a,#90e336
2,#d836c5,#95258b,#9e32db
1,#489b17,#937cb8,#e92429
1,#767b0f,#208d55,#64e199
2,#f0e61b,#ef4b51,#cdac6d
2,#d2eb5f,#25ad0f,#0fcee6
